<?xml version="1.0" encoding="windows-1252"?>
<Collection name="Tool Basics" guid="{0abd30d8-1ac0-4f6a-b572-106b9ef6af18}" system="No" updatable="Yes" blockNavigatorNode="No" onInstallAddonGuid="{E6D0895D-D738-42B6-ACC3-A189C18EDF68}">
	<HelpLink></HelpLink>
	<Help></Help>
	<Addon name="Tools OnInstall" guid="{E6D0895D-D738-42B6-ACC3-A189C18EDF68}" type="Tool">
		<DotNetClass><![CDATA[Contensive.Addons.Tools.OnInstallClass]]></DotNetClass>
	</Addon>
	<Addon name="Sql Server Schema" guid="{AA53F528-D79C-41B6-96D0-6DDFCB7DA9D1}" type="Tool">
		<DotNetClass><![CDATA[Contensive.Addons.Tools.SqlSchemaTool]]></DotNetClass>
		<Admin>Yes</Admin>
		<BlockEditTools>Yes</BlockEditTools>
	</Addon>
	<Addon name="Invite Users" guid="{AAF9CA71-B9F4-4064-A032-0F8D12701149}" type="Tool">
		<DotNetClass><![CDATA[Contensive.Addons.Tools.InviteUsersTool]]></DotNetClass>
		<Admin>Yes</Admin>
		<BlockEditTools>Yes</BlockEditTools>
	</Addon>
	<Addon name="InviteProfilePage" guid="{2459C93D-8238-4513-9D4A-C092C1DCCC15}" type="Add-on">
		<DotNetClass><![CDATA[Contensive.Addons.Tools.Views.InviteProfilePage]]></DotNetClass>
		<Category></Category>
		<Admin>No</Admin>
		<Content>No</Content>
		<Template>No</Template>
		<Email>No</Email>
		<RemoteMethod>Yes</RemoteMethod>
		<IsInline>No</IsInline>
		<BlockEditTools>Yes</BlockEditTools>
		<Diagnostic>No</Diagnostic>
		<ArgumentList> </ArgumentList>
		<Styles> </Styles>
		<Scripting Language="VBScript" EntryPoint="" Timeout="5000">
		<Code> </Code>
		</Scripting>
		<OtherHeadTags><![CDATA[      
		<script src="https://cdnjs.cloudflare.com/ajax/libs/bootstrap-select/1.14.0-beta2/js/bootstrap-select.min.js" integrity="sha512-FHZVRMUW9FsXobt+ONiix6Z0tIkxvQfxtCSirkKc5Sb4TKHmqq1dZa8DphF0XqKb3ldLu/wgMa8mT6uXiLlRlw==" crossorigin="anonymous" referrerpolicy="no-referrer" ></script>
		<link rel="stylesheet" href="https://cdnjs.cloudflare.com/ajax/libs/bootstrap-select/1.14.0-beta2/css/bootstrap-select.min.css" integrity="sha512-mR/b5Y7FRsKqrYZou7uysnOdCIJib/7r5QeJMFvLNHNhtye3xJp1TdJVPLtetkukFn227nKpXD9OjUc09lx97Q==" crossorigin="anonymous" referrerpolicy="no-referrer" />
		]]></OtherHeadTags>
		<JSHeadScriptSrc><![CDATA[https://code.jquery.com/jquery-3.2.1.slim.min.js]]></JSHeadScriptSrc>
		<IncludeAddon name="JQuery" guid="{9C882078-0DAC-48E3-AD4B-CF2AA230DF80}"/>
		<IncludeAddon name="Bootstrap" guid="{EF1FD66C-D62F-4BD2-BF07-38F47996EBB3}"/>	
	</Addon>
	<Addon name="SubmitInviteProfile" guid="" type="Add-on">
		<DotNetClass><![CDATA[Contensive.Addons.Tools.Addons.SubmitInviteProfile]]></DotNetClass>
		<Category></Category>
		<Admin>No</Admin>
		<Content>No</Content>
		<Template>No</Template>
		<Email>No</Email>
		<RemoteMethod>Yes</RemoteMethod>
		<IsInline>No</IsInline>
		<BlockEditTools>Yes</BlockEditTools>
		<Diagnostic>No</Diagnostic>
		<ArgumentList> </ArgumentList>
		<Styles> </Styles>
		<Scripting Language="VBScript" EntryPoint="" Timeout="5000">
		<Code> </Code>
		</Scripting>		
	</Addon>
	<Addon name="Page Review" guid="{6A54A051-6CF6-4D8C-823D-C37741DD072A}" type="Tool">
		<DotNetClass><![CDATA[Contensive.Addons.Tools.PageReviewToolClass]]></DotNetClass>
		<Category></Category>
		<Admin>Yes</Admin>
		<Content>No</Content>
		<Template>No</Template>
		<Email>No</Email>
		<RemoteMethod>No</RemoteMethod>
		<IsInline>No</IsInline>
		<BlockEditTools>Yes</BlockEditTools>
		<Diagnostic>No</Diagnostic>
		<ArgumentList> </ArgumentList>
		<Styles> </Styles>
		<Scripting Language="VBScript" EntryPoint="" Timeout="5000">
		<Code> </Code>
		</Scripting>
	</Addon>
	<Addon name="Cache Tool" guid="{7B5B8150-62BE-40F4-A66A-7CC74D99BA76}" type="Tool">
		<Copy></Copy>
		<CopyText></CopyText>
		<DotNetClass><![CDATA[Contensive.Addons.Tools.CacheToolClass]]></DotNetClass>
		<ArgumentList></ArgumentList>
		<instanceSettingPrimaryContentId></instanceSettingPrimaryContentId>
		<AsAjax>No</AsAjax>
		<Filter>No</Filter>
		<Help></Help>
		<HelpLink></HelpLink>
		<Icon Link="" width="50" height="50" sprites="0" />
		<InIframe>No</InIframe>
		<BlockEditTools>Yes</BlockEditTools>
		<AliasList></AliasList>
		<FormXML></FormXML>
		<IsInline>No</IsInline>
		<JavascriptInHead></JavascriptInHead>
		<javascriptForceHead>No</javascriptForceHead>
		<JSHeadScriptSrc></JSHeadScriptSrc>
		<!-- deprecated --><JSBodyScriptSrc></JSBodyScriptSrc>
		<!-- deprecated --><JavascriptBodyEnd></JavascriptBodyEnd>
		<!-- deprecated --><JavascriptOnLoad></JavascriptOnLoad>
		<Content>No</Content>
		<Template>No</Template>
		<Email>No</Email>
		<Admin>Yes</Admin>
		<OnPageEndEvent>No</OnPageEndEvent>
		<OnPageStartEvent>No</OnPageStartEvent>
		<OnBodyStart>No</OnBodyStart>
		<OnBodyEnd>No</OnBodyEnd>
		<RemoteMethod>No</RemoteMethod>
		<Diagnostic>No</Diagnostic>
		<category></category>
		<ProcessRunOnce>No</ProcessRunOnce>
		<ProcessInterval>0</ProcessInterval>
		<MetaDescription></MetaDescription>
		<OtherHeadTags></OtherHeadTags>
		<PageTitle></PageTitle>
		<RemoteAssetLink></RemoteAssetLink>
		<Styles></Styles>
		<styleslinkhref></styleslinkhref>
		<Scripting Language="VBScript" EntryPoint="" Timeout="5000"/>
	</Addon>
	<!-- moved to design blocks
	<Addon name="Add-on Mock" guid="{0b1eea83-8cb3-40d4-8b27-e24e5afb5041}" type="add-on">
		<Copy></Copy>
		<CopyText></CopyText>
		<DotNetClass><![CDATA[Contensive.Addons.Tools.AddonMockClass]]></DotNetClass>
		<ArgumentList></ArgumentList>
		<instanceSettingPrimaryContentId>Add-on Mock Data</instanceSettingPrimaryContentId>
		<AsAjax>No</AsAjax>
		<Filter>No</Filter>
		<Help></Help>
		<HelpLink></HelpLink>
		<Icon Link="" width="50" height="50" sprites="0" />
		<InIframe>No</InIframe>
		<BlockEditTools>Yes</BlockEditTools>
		<AliasList></AliasList>
		<FormXML></FormXML>
		<IsInline>No</IsInline>
		<JavascriptInHead></JavascriptInHead>
		<javascriptForceHead>No</javascriptForceHead>
		<JSHeadScriptSrc></JSHeadScriptSrc>
		<Content>Yes</Content>
		<Template>Yes</Template>
		<Email>No</Email>
		<Admin>No</Admin>
		<OnPageEndEvent>No</OnPageEndEvent>
		<OnPageStartEvent>No</OnPageStartEvent>
		<OnBodyStart>No</OnBodyStart>
		<OnBodyEnd>No</OnBodyEnd>
		<RemoteMethod>No</RemoteMethod>
		<Diagnostic>No</Diagnostic>
		<category>Extras.Tools</category>
		<ProcessRunOnce>No</ProcessRunOnce>
		<ProcessInterval>0</ProcessInterval>
		<MetaDescription></MetaDescription>
		<OtherHeadTags></OtherHeadTags>
		<PageTitle></PageTitle>
		<RemoteAssetLink></RemoteAssetLink>
		<Styles></Styles>
		<styleslinkhref></styleslinkhref>
		<Scripting Language="" EntryPoint="" Timeout="5000"/>
	</Addon>
	-->
	<data>
		<record content="Add-on Collection CDef Rules" guid="{ff0190b7-bde0-4d93-b406-f4fb49724f90}" name="">
			<field name="name"></field>
			<field name="active">True</field>
			<field name="sortorder"></field>
			<field name="dateadded">3/28/2021 6:09:09 PM</field>
			<field name="createdby"></field>
			<field name="modifieddate">3/28/2021 6:09:09 PM</field>
			<field name="modifiedby"></field>
			<field name="createkey">0</field>
			<field name="ccguid"><![CDATA[{ff0190b7-bde0-4d93-b406-f4fb49724f90}]]></field>
			<field name="contentid">{5ed28143-2c5c-42cd-8c21-f3caa14a37f7}</field>
			<field name="collectionid">{0abd30d8-1ac0-4f6a-b572-106b9ef6af18}</field>
		</record>
	</data>	
	<Resource name="uiTools.zip" type="content" path="tools" />
	<Resource name="uiTools.zip" type="www" path="tools" />-->
</Collection>